,cluster1,cluster2
0,0.286711,0.259713
1,0.899121,0.880162
2,0.974468,0.97788
3,0.825135,0.865867
4,0.994514,0.994218
5,0.012445,0.013637
6,0.003431,0.003693
7,0.009842,0.009056
8,0.040303,0.04167
9,0.007088,0.006759
10,0.035159,0.031454
11,0.035219,0.031496
12,0.457557,0.86247
13,0.669221,0.860004
14,0.518352,0.88803
15,0.009751,0.0123
16,0.874455,0.881757
17,0.796217,0.829739
